{
  "aleatório": {
    "return": -7.462148885422665,
    "return_std": 19.480828820720312,
    "trees_saved_frac": 0.5272377185619816,
    "trees_saved_std": 0.20229394583699892
  },
  "heurística": {
    "return": -5.937688582557924,
    "return_std": 20.967602315305065,
    "trees_saved_frac": 0.5591563276286724,
    "trees_saved_std": 0.22849989520982453
  },
  "Q-learning": {
    "return": -4.383893717369392,
    "return_std": 18.344749573629304,
    "trees_saved_frac": 0.5465613121786372,
    "trees_saved_std": 0.21347796447461848
  },
  "PPO": {
    "return": 4.788083429723038,
    "return_std": 17.298258128766673,
    "trees_saved_frac": 0.6100303186797386,
    "trees_saved_std": 0.22928242561267104
  },
  "_paired_ttest": {
    "trees_saved_frac": {
      "reference": "PPO",
      "comparisons": {
        "aleatório": {
          "n": 100,
          "mean_a": 0.6100303186797386,
          "mean_b": 0.5272377185619816,
          "mean_diff": 0.08279260011775681,
          "std_diff": 0.2229802134369031,
          "t": 3.713002101918998,
          "p": 0.00033876442495955715,
          "cohen_dz": 0.37130021019189985,
          "ci95_low": 0.03854848818077075,
          "ci95_high": 0.12703671205474287
        },
        "heurística": {
          "n": 100,
          "mean_a": 0.6100303186797386,
          "mean_b": 0.5591563276286724,
          "mean_diff": 0.05087399105106617,
          "std_diff": 0.1963891684498348,
          "t": 2.590468275446734,
          "p": 0.011030806822661044,
          "cohen_dz": 0.2590468275446734,
          "ci95_low": 0.011906119336453906,
          "ci95_high": 0.08984186276567843
        },
        "Q-learning": {
          "n": 100,
          "mean_a": 0.6100303186797386,
          "mean_b": 0.5465613121786372,
          "mean_diff": 0.06346900650110142,
          "std_diff": 0.22041837376542256,
          "t": 2.879478938931266,
          "p": 0.004882126931176132,
          "cohen_dz": 0.28794789389312664,
          "ci95_low": 0.019733219134455186,
          "ci95_high": 0.10720479386774764
        }
      }
    },
    "return": {
      "reference": "PPO",
      "comparisons": {
        "aleatório": {
          "n": 100,
          "mean_a": 4.788083429723038,
          "mean_b": -7.462148885422665,
          "mean_diff": 12.250232315145704,
          "std_diff": 22.572550388851088,
          "t": 5.427048385811234,
          "p": 4.078767267037498e-07,
          "cohen_dz": 0.5427048385811234,
          "ci95_low": 7.771348602936014,
          "ci95_high": 16.729116027355396
        },
        "heurística": {
          "n": 100,
          "mean_a": 4.788083429723038,
          "mean_b": -5.937688582557924,
          "mean_diff": 10.725772012280961,
          "std_diff": 20.581994039565938,
          "t": 5.211240461765851,
          "p": 1.0253701673497662e-06,
          "cohen_dz": 0.5211240461765853,
          "ci95_low": 6.641857865205227,
          "ci95_high": 14.809686159356694
        },
        "Q-learning": {
          "n": 100,
          "mean_a": 4.788083429723038,
          "mean_b": -4.383893717369392,
          "mean_diff": 9.17197714709243,
          "std_diff": 20.569714120219558,
          "t": 4.458971618898965,
          "p": 2.176087546779536e-05,
          "cohen_dz": 0.44589716188989653,
          "ci95_low": 5.090499602429817,
          "ci95_high": 13.253454691755046
        }
      }
    },
    "note": "Two-sided paired t-tests on shared seeds. Positive mean_diff means PPO > baseline."
  }
}